caminhos,setor
"Z:\Antonio\FICHAS PRODUTOS MODELO IMPORTAÇÃO\MODELO ACIONAMENTO BV CADENA.xlsx",motores
Z:\Antonio\FICHAS PRODUTOS MODELO IMPORTAÇÃO\MODELO AUTOMAÇÃO ACIONAMENTO - OK.xlsx,motores
"Z:\Antonio\FICHAS PRODUTOS MODELO IMPORTAÇÃO\MODELO AUTOMAÇÃO DZ,BV,NBV -  OK.xlsx",motores
Z:\Antonio\FICHAS PRODUTOS MODELO IMPORTAÇÃO\MODELO AUTOMAÇÃO PIVOTANTE - OK.xlsx,motores
Z:\Antonio\FICHAS PRODUTOS MODELO IMPORTAÇÃO\MODELO BARREIRA ARTICULADA OFICIAL REFORMULADO - OK.xlsx,motores
Z:\Antonio\FICHAS PRODUTOS MODELO IMPORTAÇÃO\MODELO CANCELA - OK.xlsx,motores
Z:\Antonio\FICHAS PRODUTOS MODELO IMPORTAÇÃO\MODELO CANCELA LIGHT - OK.xlsx,motores
Z:\Antonio\FICHAS PRODUTOS MODELO IMPORTAÇÃO\MODELO CREMALHEIRAS - OK.xlsx,motores
Z:\Antonio\FICHAS PRODUTOS MODELO IMPORTAÇÃO\MODELO FABRICAÇÃO TANQUINHOS.xlsx,motores
Z:\Antonio\FICHAS PRODUTOS MODELO IMPORTAÇÃO\MODELO KIT BEL MAQUINAS.xlsx,motores
Z:\Antonio\FICHAS PRODUTOS MODELO IMPORTAÇÃO\MODELO KIT MOTORES - OK.xlsx,motores
Z:\Antonio\FICHAS PRODUTOS MODELO IMPORTAÇÃO\MODELO NOVAS BARREIRAS CANCELA - OK.xlsx,motores
Z:\Antonio\FICHAS PRODUTOS MODELO IMPORTAÇÃO\MODELO PIVO ROBÔ.xlsx,motores
Z:\Antonio\FICHAS PRODUTOS MODELO IMPORTAÇÃO\MODELO PORTA DE ENROLAR - OK.xlsx,motores
Z:\Antonio\FICHAS PRODUTOS MODELO IMPORTAÇÃO\MODELO PORTA SOCIAL.xlsx,motores
Z:\Antonio\FICHAS PRODUTOS MODELO IMPORTAÇÃO\MODELO REPOSIÇÃO MOTORES - OK.xlsx,motores
Z:\Antonio\FICHAS PRODUTOS MODELO IMPORTAÇÃO\MODELO TRINO NEW BV CADENA.xlsx,motores
Z:\Antonio\FICHAS PRODUTOS MODELO IMPORTAÇÃO\MODELO BARREIRA CANCELA CONVENCIONAL - 2.xlsx,motores
Z:\Antonio\FICHAS PRODUTOS MODELO IMPORTAÇÃO\MODELO LISTAS NOVOS PRODUTOS.xlsx,motores
Z:\Antonio\FICHAS PRODUTOS MODELO IMPORTAÇÃO\MODELO LISTAS NOVOS PRODUTOS.xlsx,fechaduras